category,book_name,author,publisher,publishDate,price
小说,长安的荔枝,马伯庸,湖南文艺出版社,2022-10,45.00元
小说,太白金星有点烦,马伯庸,湖南文艺出版社,2023-6,45.00
小说,她厌男，她是我女友,[韩] 闵智炯,中国友谊出版公司,2023-5-25,48.00元
小说,六个说谎的大学生,[日] 浅仓秋成,四川文艺出版社,2023-4,45.00元
小说,无尽的玩笑,[美] 大卫·福斯特·华莱士,上海人民出版社,2023-4,168.00元
小说,大医·破晓篇,马伯庸,上海文艺出版社,2022-9,108.00元
小说,魔术师,[爱尔兰] 科尔姆·托宾,上海译文出版社,2023-4,89.00元
小说,活着,余华,作家出版社,2012-8-1,20.00元
小说,金枝（全本）,邵丽,人民文学出版社,2022-12,68
小说,如雪如山,张天翼,人民文学出版社,2022-4-1,58
小说,邻居,[日] 雫井脩介,湖南文艺出版社,2023-6,56.00
小说,命运,蔡崇达,浙江文艺出版社、广州出版社,2022-9-5,59.80元
小说,她对此感到厌烦,妚鹤,北京联合出版公司,2023-4,54.80元
小说,当我们不再理解世界,[智利]本哈明·拉巴图特,人民文学出版社,2022-9-1,59.00元
小说,夜晚的潜水艇,陈春成,上海三联书店,2020-9,52.00元
小说,狐狸,[荷]杜布拉夫卡·乌格雷西奇,北京日报出版社,2023-5,58.00元
小说,绝叫,[日] 叶真中显,北京联合出版公司,2020-7,58.00
小说,孤岛的来访者,[日] 方丈贵惠,新星出版社,2023-4,49.00元
小说,大医·日出篇,马伯庸,上海文艺出版社,2022-12,108.00元
小说,遥远的救世主,豆豆,作家出版社,2005-05-01,28.00
小说,消失的13级台阶,[日] 高野和明,上海文艺出版社,2020-5-15,42.00元
小说,额尔古纳河右岸,迟子建,人民文学出版社,2019-6-1,32.00元
小说,圣母,[日] 秋吉理香子,新星出版社,2019-3,42.00
小说,悉达多,[德] 赫尔曼·黑塞,天津人民出版社,2017-1,32.00元
小说,洛阿娜女王的神秘火焰,[意] 翁贝托·埃科,上海译文出版社,2023-4,158.00
小说,人生海海,麦家,北京十月文艺出版社,2019-4,55.00元
小说,燕食记,葛亮,人民文学出版社,2022-8,78
小说,我本芬芳,杨本芬,北京联合出版公司,2022-2-1,39.80
小说,献给阿尔吉侬的花束,[美] 丹尼尔·凯斯,广西师范大学出版社,2015-4,36.00元
小说,最后的故事,[波兰] 奥尔加·托卡尔丘克,浙江文艺出版社,2023-4,52.00元
小说,秋园,杨本芬,北京联合出版公司,2020-6,38.00元
小说,在细雨中呼喊,余华,作家出版社,2012-11-1,25.00元
小说,许三观卖血记,余华,作家出版社,2012-9,24.00元
小说,绑架回忆,[日] 大山诚一郎,北京日报出版社,2023-4-4,42
小说,两京十五日,马伯庸,湖南文艺出版社,2020-7,108.00元
小说,被遗弃的日子,[意]埃莱娜·费兰特,人民文学出版社,2023-6,59.00
小说,平原上的摩西,双雪涛,北京日报出版社,2021-4,59
小说,恶徒的救赎,[日] 高野和明,北京日报出版社,2023-4-10,49.90元
小说,恶意,[日] 东野圭吾,南海出版公司,2016-11,39.50元
小说,流俗地,【马来西亚】黎紫书,北京十月文艺出版社,2021-4-1,55
小说,白夜行,[日] 东野圭吾,南海出版公司,2013-1-1,39.50元
小说,疼痛部,[荷] 杜布拉夫卡·乌格雷西奇,北京日报出版社,2023-5,54.00元
小说,三体Ⅲ,刘慈欣,重庆出版社,2010-11,38.00元
小说,白鸟与蝙蝠,[日本] 东野圭吾,南海出版公司,2023-3,69.00元
小说,终场哨,东平王千户,广东人民出版社,2023-6,45.00
小说,失明症漫记,[葡] 若泽·萨拉马戈,河南文艺出版社,2022-8-27,66
小说,霍乱时期的爱情,[哥伦比亚] 加西亚·马尔克斯,南海出版公司,2012-9-1,39.50元
小说,炽焰燃烧,[美]罗恩·拉什,人民文学出版社,2023-3-15,65.00元
小说,小雷因寺,张亦霆,上海文艺出版社,2023-6-1,68.00
小说,祈祷之海,[澳] 格雷格·伊根,新星出版社,2023-1,58
小说,献给阿尔吉侬的花束,[美] 丹尼尔·凯斯,河南文艺出版社,2022-8,48.00元
小说,嫌疑人X的献身,[日] 东野圭吾,南海出版公司,2008-9,28.00
小说,生死疲劳,莫言,浙江文艺出版社,2022-1,69.90
小说,我在北京送快递,胡安焉,湖南文艺出版社,2023-3-24,56.00元
小说,三体,刘慈欣,重庆出版社,2008-1,23.00
小说,人类灭绝,[日] 高野和明,北京日报出版社,2023-3-13,69.90元
小说,钻石广场,[西] 梅尔赛·罗多雷达,四川文艺出版社,2023-6-1,48.00元
小说,我的天才女友,[意] 埃莱娜·费兰特,人民文学出版社,2017-1,42.00元
小说,尸语者（上下册）,法医秦明,北京联合出版公司,2023-4-19,105.6元/套
小说,一句顶一万句,刘震云,花城出版社,2022-8,68.00元
小说,三体Ⅱ,刘慈欣,重庆出版社,2008-5,32.00
小说,月亮与六便士,[英] 威廉·萨默塞特·毛姆,浙江文艺出版社,2017-1-1,39.80元
小说,孤独的义务,[韩]尹成姬,广西师范大学出版社,2023-5,48
小说,凛冬之刃,于小千,江苏凤凰文艺出版社,2023-5-1,45.00元
小说,解忧杂货店,[日] 东野圭吾,南海出版公司,2014-5,39.50元
小说,杀死一只知更鸟,[美] 哈珀·李,译林出版社,2017-2,58.00
小说,文城,余华,北京十月文艺出版社,2021-3,59.00元
小说,物,[法]乔治·佩雷克,上海人民出版社,2023-4-30,45.00
小说,红楼梦,[清] 曹雪芹 著、高鹗,人民文学出版社,1996-12,59.70元
小说,流金,唐隐,上海文艺出版社,2023-4,88
小说,伊万·伊利奇之死,(俄罗斯) 列夫·托尔斯泰,天津人民出版社,2023-5,39.8
小说,卡拉马佐夫兄弟,[俄] 陀思妥耶夫斯基,上海译文出版社,2015-2-1,CNY 78.00
小说,追风筝的人,[美] 卡勒德·胡赛尼,上海人民出版社,2006-5,29.00元
小说,鼠疫,[法] 阿尔贝·加缪,上海译文出版社,2013-8,34.00元
小说,素食者,[韩] 韩江,四川文艺出版社,2021-9,48
小说,人生借阅室,（日）青山美智子,湖南文艺出版社,2023-1,52
小说,夜叉渡河,路魆,中信出版社,2023-5-15,58.00
小说,玻璃塔谜案,[日] 知念实希人,四川文艺出版社,2023-1,68.00元
小说,一句顶一万句,刘震云,长江文艺出版社,2009-3,29.80
小说,在小山和小山之间,李停,上海文艺出版社,2023-5-18,45.00
小说,檀香刑,莫言,浙江文艺出版社,2017-1,56.00元
小说,房思琪的初恋乐园,林奕含,北京联合出版公司,2018-2,45.00元
小说,鳄鱼,莫言,浙江文艺出版社,2023-6,56.00元
小说,坚,徐英瑾,广西师范大学出版社,2023-4,198.00
小说,杀死一只知更鸟,[美] 哈珀·李,译林出版社,2012-9,32.00元
小说,你的夏天还好吗？,[韩国] 金爱烂,人民文学出版社,2022-10-15,48.00元
小说,在森崎书店的日子,八木泽里志,南海出版公司,2020-3-1,55.00
小说,罗杰疑案,[英] 阿加莎·克里斯蒂,新星出版社,2013-3,28.00元
小说,小径分岔的花园,[阿根廷] 豪·路·博尔赫斯,上海译文出版社,2015-7,23.00
小说,西线无战事,[德] 埃里希·玛丽亚·雷马克,上海文艺出版社,2021-1,49
小说,百年孤独,[哥伦比亚] 加西亚·马尔克斯,南海出版公司,2011-6,39.50元
小说,大松鸡,[法] 米歇尔·图尼埃,河南文艺出版社,2023-6-12,68
小说,莱博维茨的赞歌,[美] 小沃尔特·M.米勒,北京日报出版社,2023-4,49.9元
小说,金色梦乡,[日] 伊坂幸太郎,南海出版公司,2016-11,69.00元
小说,1984,[英] 乔治·奥威尔,北京十月文艺出版社,2010-4-1,28.00
小说,小镇索雷斯,[加] 玛丽·劳森,译林出版社,2023-6,58.00
小说,密室黄金时代的杀人事件,[日] 鸭崎暖炉,北京日报出版社,2023-3,49.80元
小说,冬泳,班宇,上海三联书店,2018-9,49.00元
小说,一行杀人的台词,[英国] 安东尼·霍洛维茨,新星出版社,2023-5,55.00元
小说,斯通纳,[美] 约翰·威廉斯,上海人民出版社,2016-1,49.00元
小说,台北人,白先勇,广西师范大学出版社,2010-10,38.00元
小说,鹿川有许多粪,李沧东,武汉大学出版社,2021-8,58.00元
小说,我的骨头会唠嗑,廖小刀、刘八百,金城出版社,2023-4,96.00元
小说,潮汐图,林棹,上海文艺出版社,2022-1,58.00
小说,显微镜下的大明,马伯庸,湖南文艺出版社,2019-1,52.00元
小说,第七天,余华,新星出版社,2018-8,39.5
小说,太冷、太热、太早、太迟,[比] 托马斯·冈兹格,花城出版社,2023-6,59.80元
小说,新名字的故事,[意] 埃莱娜·费兰特,人民文学出版社,2017-4,59.00元
小说,天珠传奇,费滢,北京日报出版社,2023-4,56.00元
小说,晚菊,[日]林芙美子,北京联合出版公司,2023-5,52.00元
小说,克拉拉与太阳,[英] 石黑一雄,上海译文出版社,2021-3,68.00
小说,马可瓦尔多,[意] 伊塔洛·卡尔维诺,译林出版社,2020-1,42.00元
小说,呼吸秋千,[德] 赫塔·米勒,贵州人民出版社,2023-2,68.00元
小说,人虎,[印尼]埃卡·古尼阿弯,民主与建设出版社,2023-5,52
小说,边城,沈从文、黄永玉 卓雅 插图.,北岳文艺出版社,2002-4,12.00元
小说,两度,[法]弗兰克·蒂利耶,北京联合出版公司,2023-3,68.00元
小说,失明症漫记,[葡] 若泽·萨拉马戈,南海出版公司,2014-2,29.50
小说,关于女儿,[韩] 金惠珍,广西师范大学出版社,2022-10,42.00元
小说,围城,钱锺书,人民文学出版社,1991-2,19.00
小说,兄弟,余华,作家出版社,2012-9-1,43.00元
小说,地下室手记,(俄罗斯) 陀思妥耶夫斯基,浙江文艺出版社,2020-5,39.8
小说,刀锋,[英]毛姆,上海译文出版社,2007-3,18.00元
小说,寻找金福真,南山,贵州人民出版社,2023-3,58.00元
小说,蛤蟆先生去看心理医生,[英] 罗伯特·戴博德,天津人民出版社,2020-8-1,38.00元
小说,绿毛水怪,王小波,北京十月文艺出版社,2018-6,39.00元
小说,晚春,三三,上海文艺出版社,2023-4-30,59.00
小说,无尽夏夜,[瑞典] 托夫·阿尔斯特达尔,梁颂宇,四川人民出版社,2023-4
小说,小巷人家,王小兰,合肥工业大学出版社,2013-10-1,30.00元
小说,失踪的孩子,[意] 埃莱娜·费兰特,人民文学出版社,2018-7,62.00元
小说,未完成的手稿,[法]弗兰克·蒂利耶,北京联合出版公司,2022-10,68.00元
小说,棋王·树王·孩子王,阿城,江苏凤凰文艺出版社,2016-3-1,58.00
小说,五号屠场,[美] 库尔特·冯内古特,河南文艺出版社,2022-7-1,59.90元
小说,推理群星闪耀时,[日] 江户川乱步(编),浙江文艺出版社,2023-5,98.00元
小说,离开的，留下的,[意] 埃莱娜·费兰特,人民文学出版社,2017-10,62.00元
小说,克莱因壶,[日]冈岛二人,化学工业出版社,2019-9,48.00元
小说,未来学大会,[波] 斯坦尼斯瓦夫·莱姆,译林出版社,2021-8,42.00元
小说,树上的男爵,[意大利]伊塔洛·卡尔维诺,译林出版社,2012-4-1,30.00元
小说,局外人,柳鸣九,上海译文出版社,2013-8,32元
小说,平面国,埃德温·A·艾勃特,上海文化出版社,2020-8,39.80元
小说,杀手的记忆法,[韩] 金英夏,卢鸿金,国际文化出版公司,2023-4-27
小说,不能承受的生命之轻,[捷克] 米兰·昆德拉,上海译文出版社,2014-6,46.00元
小说,浮云,[日] 林芙美子,北京联合出版公司,2023-6,52
小说,99%诱拐,[日] 冈岛二人,化学工业出版社,2020-11,48.00元
小说,局外人,[法] 阿尔贝·加缪,上海译文出版社,2010-8,22.00元
小说,故事只讲了一半,万玛才旦,中信出版集团,2022-3,59.00
小说,82年生的金智英,[韩]赵南柱,贵州人民出版社,2019-8,45.00元
小说,长安十二时辰 上,马伯庸,湖南文艺出版社,2016-11-21,39.80元
小说,平凡的世界,路遥,北京十月文艺出版社,2012-3-1,CNY 79.80
小说,唐人街内部,[美] 游朝凯,广西师范大学出版社,2023-5,59.00
小说,美丽新世界,【英】奥尔德斯·赫胥黎,上海译文出版社,2017-6,45.00元
小说,丰乳肥臀,莫言,浙江文艺出版社,2017-1,49.00
小说,荒原狼,[德] 赫尔曼·黑塞,浙江文艺出版社,2023-3,59.8
小说,隧道,埃内斯托·萨瓦托,译林出版社,2023-5,58.00
小说,一日三秋,刘震云,花城出版社,2021-7,58
小说,云边有个小卖部,张嘉佳,湖南文艺出版社,2018-7,42.00元
小说,狂飙,徐纪周、朱俊懿、白文君,青岛出版社,2023-2,68.00元
小说,香水,[德] 帕·聚斯金德、帕特里克·聚斯金德,上海译文出版社,2009-6,25.00元
小说,你当像鸟飞往你的山,塔拉·韦斯特弗,南海出版公司,2019-10,59.00元
小说,你的夏天还好吗？,金爱烂,人民文学出版社,2017-1,32.00
小说,溶于雾中,[日] 笹泽左保,新星出版社,2023-3,49.00元
小说,我们没有秘密,吴晓乐,中信出版社,2022-5-1,49.8
小说,棋王,阿城,上海三联书店,2019-4,48.00元
小说,平原上的摩西,双雪涛,百花文艺出版社,2016-6,39.50元
小说,海葵,贝客邦,重庆出版社,2021-3,49.00元
小说,围城,钱锺书,人民文学出版社,1991-2-1,39.00元
小说,花战,[日] 鬼塚忠,南海出版公司,2023-5,69.00元
小说,繁花 : 批注本,金宇澄 著、沈宏非（批注）、姜庆共（排版）、金宇澄,长江文艺出版社,2023-7,98元
小说,都柏林人,[爱尔兰] 詹姆斯·乔伊斯,上海译文出版社,2010-9,26.00元
小说,人生复本,[美国] 布莱克·克劳奇,中信出版社,2017-11,45.00元
小说,长日将尽,[英] 石黑一雄,上海译文出版社,2018-5,48
小说,寂静连绵的山脉,彭剑斌,上海文艺出版社,2023-3,59
小说,一个女人的故事,[法]安妮·埃尔诺,上海人民出版社,2022-10,38.00
小说,上元灯彩图,宋方金,四川文艺出版社,2023-4,58.00元
小说,蛙,莫言,浙江文艺出版社,2017-1,37.00元
小说,女人的秘密生活,苏更生,人民文学出版社,2023-4,59.00元
小说,一桩事先张扬的凶杀案,[哥伦比亚] 加西亚·马尔克斯,南海出版公司,2013-6,25.00元
小说,挽救计划,[美] 安迪·威尔,译林出版社,2021-9,68.00
小说,春天里的同学会,常潇湘、孙铎,作家出版社,2023-6,39.00
小说,长风渡,墨书白,青岛出版社,2021-5,69.8
小说,斑马,傅真,人民文学出版社,2022-1,55.00元
小说,没有色彩的多崎作和他的巡礼之年,[日] 村上春树,南海出版公司,2013-10-1,39.50元
小说,500个目击者,[日]大山诚一郎,北京日报出版社,2022-12,42.00元
小说,麒麟,周游,长江文艺出版社,2022-7,78
小说,时空旅行者的沙漏,[日] 方丈贵惠,新星出版社,2021-5,48.00
小说,罪与罚,[俄] 陀思妥耶夫斯基,译林出版社,2021-5,68.00元
小说,面纱,[英] 威廉·萨默塞特·毛姆,江西人民出版社,2016-4-1,39.8元
小说,诡计博物馆,[日] 大山诚一郎,上海文艺出版社,2020-6,39.90元
小说,索拉里斯星,[波] 斯坦尼斯瓦夫·莱姆,译林出版社,2021-8,49.00元
小说,再次重逢的世界,[韩] 黄麻瓜,花城出版社,2023-5,55.00元
小说,瓦斯灯,[日] 连城三纪彦,新星出版社,2023-6,45.00元
小说,这么多年,八月长安,江苏凤凰文艺出版社,2021-8-14,128
小说,动物农场,[英]乔治·奥威尔,上海译文出版社,2010-9,22.00元
小说,鄙视,[意] 阿尔贝托·莫拉维亚,江苏凤凰文艺出版社,2021-7,62.00
小说,慢车开来,[英]乔乔·莫伊斯,北京联合出版公司,2023-5,68
小说,长安十二时辰 下,马伯庸,湖南文艺出版社,2017-1-1,39.80元
小说,朝阳南路精怪故事集,康夫,南海出版公司,2023-5,49.00元
小说,窒息的家,须一瓜,文汇出版社,2023-5,49.90
小说,夜行之子,[挪威] 尤·奈斯博,湖南文艺出版社,2023-4,59.00元
小说,金阁寺,[日]三岛由纪夫,辽宁人民出版社,2021-2,38.00
小说,东方快车谋杀案,[英] 阿加莎·克里斯蒂,新星出版社,2013-4,26.00元
小说,看不见的城市,[意] 伊塔洛·卡尔维诺,译林出版社,2012-4,25.00元
小说,白鹿原,陈忠实,人民文学出版社,1997-12,28.00元
小说,繁花,金宇澄,上海文艺出版社,2013-3,48.00元
小说,盗墓笔记,南派三叔,上海文化出版社,2011-12-1,295.20
小说,百年孤独,[哥伦比亚] 加西亚·马尔克斯,南海出版公司,2017-8,55.00元
小说,海风中失落的血色馈赠,[加] 阿利斯泰尔·麦克劳德,人民文学出版社,2021-3,42.00元
小说,像这样的小事,[爱尔兰]克莱尔·吉根,人民文学出版社,2023-6,50.00
小说,恐妻家,[日] 伊坂幸太郎,南海出版公司,2019-11-1,58.00
小说,成年人的谎言生活,[意大利] 埃莱娜·费兰特,人民文学出版社,2021-8,69.00元
小说,家山,王跃文,人民文学出版社,2022-12,89
小说,一九八四,[英]乔治·奥威尔,上海译文出版社,2009-7,29.00元
小说,晚熟的人,莫言,人民文学出版社,2020-8-1,59
小说,使女的故事,[加拿大] 玛格丽特·阿特伍德,上海译文出版社,2017-12,49.00元
小说,红玫瑰与白玫瑰,张爱玲,北京十月文艺出版社,2019-3,49.50元
小说,平凡的世界（全三部）,路遥,人民文学出版社,2005-1,64.00元
小说,焦虑的人,弗雷德里克·巴克曼,天津人民出版社,2021-8,49.8
小说,花街往事,路内,上海文艺出版社,2023,59.90元
小说,红房间,[日] 江户川乱步,河南文艺出版社,2023-6,52.00元
小说,爱尔娜,[波兰] 奥尔加·托卡尔丘克,浙江文艺出版社,2023-6,59.00元
小说,大明王朝1566,刘和平,花城出版社,2016-7,88.00元
小说,了不起的盖茨比,[美] 斯科特·菲茨杰拉德,南海出版公司,2012-5,25.00元
小说,困惑,[美] 理查德·鲍尔斯,中信出版社,2023-6,69
小说,不能承受的生命之轻,米兰·昆德拉,上海译文出版社,2022-4-30,62.00
小说,奇迹之书,[爱尔兰]邓萨尼勋爵,南方出版社,2023-6,68.00
小说,远山淡影,[英] 石黑一雄,上海译文出版社,2011-5,27.00元
小说,在细雨中呼喊,余华,北京十月文艺出版社,2018-5-1,39.50
小说,19年间谋杀小叙,那多,人民文学出版社,2018-7,59.00元
小说,东方快车谋杀案,[英] 阿加莎·克里斯蒂,人民文学出版社,2006-5,18.00元
小说,狄仁杰奇案,[荷兰] 高罗佩,上海译文出版社,2023-4,49
小说,老妓抄,冈本加乃子,辽宁人民出版社,2022-2,65
小说,故事新编,鲁迅,人民文学出版社,1973-12-01,0.31 元
小说,同名同姓受害者协会,[日] 下村敦史,文汇出版社,2022-3,45
小说,Blue,[日] 叶真中显,新星出版社,2021-7,58.00元
小说,形影不离,[法]西蒙娜·德·波伏瓦,浙江教育出版社,2022-2-10,45.00元
小说,他人,[韩] 姜禾吉,台海出版社,2023-4,48.00元
小说,深潜游戏Ⅰ,[俄罗斯] 谢尔盖·卢基扬年科,新星出版社,2023-6,58
小说,滔滔生活,[韩]金爱烂,人民文学出版社,2022-10-15,45.00元
小说,字母表谜案,大山诚一郎,河南文艺出版社,2021-5,42.00元
小说,五只小猪,[英] 阿加莎·克里斯蒂,新星出版社,2014-10,28.00元
小说,变形记,[奥地利] 弗朗茨·卡夫卡,浙江人民出版社,2020-11-1,39.80
小说,床，沙发，我的人生,[法] 罗曼·莫内里,中信出版集团,2023-3,49.80元
小说,傲慢与偏见,[英] 奥斯丁,人民文学出版社,1993-7,13.00元
小说,莫失莫忘,[英] 石黑一雄,上海译文出版社,2018-6,49.00元
小说,牧羊少年奇幻之旅,[巴西] 保罗·柯艾略,南海出版公司,2009-3-1,25.00元
小说,台北人,白先勇,广西师范大学出版社,2015-1,48.00
小说,罪与罚,[俄] 陀思妥耶夫斯基,上海译文出版社,2015-1-1,CNY 58.00
小说,永恒的终结,[美] 艾萨克·阿西莫夫,江苏凤凰文艺出版社,2014-9,32.00元
小说,夏,[英]阿莉·史密斯,浙江文艺出版社,2023-6,88.00元
小说,红手指,[日] 东野圭吾,南海出版公司,2015-1,39.50
小说,夏天、烟火和我的尸体,[日] 乙一,南海出版公司,2019-9,45.00
小说,肖像画,[日]依井贵裕,新星出版社,2023-5,49.00元
小说,球状闪电,刘慈欣,四川科学技术出版社,2005-6,22.00元
小说,寻获与失落,[美国] 厄休拉·勒古恩,河南文艺出版社,2022-9,138.00元
小说,蝲蛄吟唱的地方,[美] 迪莉娅·欧文斯,湖南文艺出版社,2019-10,58.00元
小说,天体嗜好症,[日] 稻垣足穗,湖南文艺出版社,2023-4,88
小说,名探偵のいけにえ,白井智之,新潮社,2022-9-15,JPY 2090
小说,月海与游梦人,[日本] 夏目漱石、[日本] 太宰治 等,广西师范大学出版社,2023-2,65.00
小说,神们自己,[美] 艾萨克·阿西莫夫,江苏凤凰文艺出版社,2014-12-1,39.00元
小说,奇风岁月,Robert R. McCammon,译林出版社,2011-5,36.00元
小说,夜莺,[美]克莉丝汀·汉娜,北京联合出版公司,2021-11-1,68.00元
小说,证言,[加拿大] 玛格丽特·阿特伍德,上海译文出版社,2020-7,69.00元
小说,植物妻子,[韩] 韩江,四川文艺出版社,2023-3,58
小说,星期一，喝抹茶,[日] 青山美智子,湖南文艺出版社,2023-5,49.80
小说,找信号,索南才让,译林出版社,2023-2,62.00
小说,你想活出怎样的人生,[日] 吉野源三郎、[日] 胁田和(绘),南海出版公司,2019-8,49.50元
小说,仙症,郑执,北京日报出版社,2020-10,58.00元
小说,情人,[法] 玛格丽特·杜拉斯,上海译文出版社,2005-7,20.00元
小说,变形记,[奥地利] 弗朗茨·卡夫卡,北京燕山出版社,2020-1-1,45.00
小说,荒原狼,[德]赫尔曼·黑塞,上海译文出版社,2010-9,25.00元
小说,门：一位女作家的自白,[匈牙利] 萨博·玛格达,人民文学出版社,2023-6,59.00
小说,末日愚人,[日] 伊坂幸太郎,南海出版公司,2023-5-1,59.00元
小说,人性的枷锁,[英] 威廉·萨默塞特·毛姆,江西人民出版社,2016-5,68.00元
小说,烧纸,[韩] 李沧东,武汉大学出版社,2020-5,58.00
小说,诡秘之主,[韩] 李沧东,武汉大学出版社,2020-5,58.00
小说,无愁河的浪荡汉子·朱雀城,黄永玉,人民文学出版社,2013-8,138.00元
小说,春,[英] 阿莉·史密斯,许小凡,浙江文艺出版社,2023-3
小说,铁浆,朱西甯,九州出版社,2018-10,56.00元
小说,挪威的森林,[日] 村上春树,上海译文出版社,2018-3,38.00元
小说,雪国,[日] 川端康成,南海出版公司,2022-6-1,59
小说,亲切的恶魔,[日]星新一,译林出版社,2023-3,45
小说,寂寞的游戏,袁哲生,北京联合出版公司,2017-9,38.00元
小说,漫长的告别,[美] 雷蒙德·钱德勒,海南出版社,2018-9,69.00
小说,沧浪之水,阎真,人民文学出版社,2001-10,26.00元
小说,偏爱,夏七夕,湖南文艺出版社,2021-9-1,49.80元
小说,教父,[美] 马里奥·普佐,江苏文艺出版社,2014-4,45
小说,漫长的告别,[美] 雷蒙德·钱德勒,上海译文出版社,2020-5,56.00元
小说,黄金时代,王小波,花城出版社,1999-3,19.00元
小说,包法利夫人,福楼拜,人民文学出版社,2003-1-1,CNY 28.00
小说,海风中失落的血色馈赠,[加拿大] 阿利斯泰尔·麦克劳德,上海文艺出版社,2015-6-1,CNY 20.00
小说,非亲非故,索耳,中信出版集团,2023-6,59.80
小说,白鹿原,陈忠实,人民文学出版社,2012-9,39.00元
小说,埃塞克斯之蛇,[英] 莎拉·佩里,北京联合出版公司,2023-5-1,59
小说,灿烂千阳,[美] 卡勒德·胡赛尼,上海人民出版社,2007-9,28.00元
小说,莫斯科绅士,[美] 埃默·托尔斯,湖南文艺出版社,2018-6,79.80元
小说,玩笑,[法] 米兰·昆德拉,上海译文出版社,2022-4-30,68.00
小说,你一生的故事,[美] 特德·姜,译林出版社,2015-5,36.00元
小说,默里·麦克布莱德的五个愿望,[美]乔·西普尔,四川人民出版社,2023-2,49.80元
小说,战争与和平,[俄] 托尔斯泰,人民文学出版社,2015-4,88.00元
小说,方舟,[俄] 托尔斯泰,人民文学出版社,2015-4,88.00元
小说,到灯塔去,[英] 弗吉尼亚·伍尔夫,上海译文出版社,2022-10,69
小说,诊疗椅上的谎言,鲁宓,机械工业出版社,2017-3,49.00元
小说,笑傲江湖（全四册）,金庸,生活·读书·新知三联书店,1994-5,76.80元
小说,飘,[美国] 玛格丽特·米切尔,译林出版社,2000-9,40.00元
小说,窄门,[法] 安德烈·纪德、顾琪静 译者,天津人民出版社,2018-10,45.00
小说,四叠半时光机布鲁斯,[日]森见登美彦,新星出版社,2022-3,46
小说,Yellowface,R. F. Kuang,William Morrow,2023-5-16,USD 28.99
小说,尘埃落定,阿来,浙江文艺出版社,2020-10,49.00元
小说,GOTH断掌事件,[日] 乙一,南海出版公司,2022-12,59.0元
小说,热夜之梦,[美] 乔治 R·R·马丁,湖南文艺出版社,2022-11,68元
小说,人间便利店,[日] 村田沙耶香,湖南文艺出版社·向上文学品牌,2018-4,45.00元
小说,无人生还,[英] 阿加莎・克里斯蒂,人民文学出版社,2008-3,19.00
小说,鱼鳞帽艳史,[塞尔维亚] 米洛拉德·帕维奇,上海译文出版社,2023-3,78.00元
小说,复明症漫记,[葡]若泽·萨拉马戈,河南文艺出版社,2023-4,66
小说,两棵花椒树,姚鄂梅,北岳文艺出版社,2019-8-1,59.8
小说,钢琴教师,[奥] 埃尔夫丽德·耶利内克,花城出版社,2023-4,78.00元
小说,骆驼祥子,老舍,人民文学出版社,2000-3-1,12.00
小说,偶像失格,[日] 宇佐见铃,湖南文艺出版社,2022-7,49.00元
小说,孽子,白先勇,广西师范大学出版社,2010.10,46.00元
小说,佩德罗·巴拉莫,[墨西哥] 胡安·鲁尔福,译林出版社,2021-1,48.00元
小说,2001：太空漫游,[英] 阿瑟·克拉克,上海文艺出版社,2019-5-10,62.00元
小说,一个叫欧维的男人决定去死,[瑞典] 弗雷德里克·巴克曼,四川文艺出版社,2015-12,35.00元
小说,静湖,[美]雷切尔·凯恩,台海出版社,2023-5,168.00元
小说,春祺夏安,杜梨,湖南文艺出版社,2023-5,52.00
小说,同意,[法] 瓦内莎·斯普林格拉,文汇出版社,2023-2-8,49.0元
小说,狮子之家的点心日,[日] 小川糸,湖南文艺出版社,2021-4-9,49.80
小说,乔家的儿女,未夕,浙江文艺出版社,2020-5,49.80元
小说,不能承受的生命之轻,[捷克] 米兰·昆德拉,上海译文出版社,2003-7,23.00元
小说,雨中喷泉,[日]三岛由纪夫,中信出版社,2023-3-20,49
小说,刀锋,[英] 毛姆,北京日报出版社,2023-2,76.00元
小说,一个男人的位置,[法]安妮·埃尔诺,上海人民出版社,2022-10,42
小说,绝对不在场证明,[日] 大山诚一郎,上海文艺出版社,2020-5,36.00元
小说,怪屋谜案,[日] 雨穴,台海出版社,2023-7-19,45.00元
小说,秘密,[日] 东野圭吾,南海出版公司,2017-11,45.00元
小说,人生,路遥,北京十月文艺出版社,2009-5,20.00元
小说,最蓝的眼睛,杨向荣,南海出版公司,2013-8,32.00
小说,三国演义（全二册）,[明] 罗贯中,人民文学出版社,1998-05,39.50元
小说,如果在冬夜，一个旅人,[意] 伊塔洛·卡尔维诺,译林出版社,2012-4,35.00元
小说,阴兽,[日] 江户川乱步,新星出版社,2011-7,28.00元
小说,野猪渡河,张贵兴,四川人民出版社,2021-1,58.00元
小说,余生皆假期,伊坂幸太郎,新星出版社,2015-2,28
小说,白夜,[俄] 陀思妥耶夫斯基,上海译文出版社,2013-4,22.00元
小说,生吞,郑执,浙江文艺出版社,2017-11,42.00元
小说,孽子,白先勇,广西师范大学出版社,2014-11,69.00元
小说,安·兰德的小说写作课,[美] 安·兰德,九州出版社,2023-4,56.00元
小说,计算者,[俄] 亚历山大·格罗莫夫,四川科学技术出版社,2023-3,80
小说,天幕红尘,豆豆,作家出版社,2013-6-1,36.00元
小说,告白,[日] 凑佳苗,湖南文艺出版社,2016-4,36.80元
小说,王能好,魏思孝,上海文艺出版社,2022-3,59.00元
小说,变形记,[奥] 弗兰兹·卡夫卡,江苏凤凰文艺出版社,2023-6-30,45.00
小说,月亮和六便士,[英] 毛姆,上海译文出版社,2006-8,15.00元
小说,半生缘,张爱玲,北京十月文艺出版社,2012-6-1,29.60元
小说,大地之上,[加拿大]罗欣顿·米斯特里,天地出版社,2021-6,98
小说,天龙八部,金庸,生活·读书·新知三联书店,1994-5,96.00元
小说,传奇,张爱玲,北京十月文艺出版社,2021-6,49.00元
小说,生死疲劳,莫言,浙江文艺出版社,2020-3,66.00元
小说,周四推理俱乐部,[英] 理查德·奥斯曼,接力出版社,2022-4,58.00元
小说,乌金的牙齿,万玛才旦,中信出版集团,2019-6,58.00
小说,星之继承者,[英] 詹姆斯·P.霍根,新星出版社,2021-4,58.00元
小说,强风吹拂,三浦紫苑,广西师范大学出版社,2015-1-1,39.00元
小说,长风渡·终结篇,墨书白,青岛出版社,2021-5,69.8
小说,饺子,李碧华,新星出版社,2013-11,49
小说,克雷姆斯的弯曲时间,[意]克劳迪奥·马格里斯,上海译文出版社,2023-7-31,52.00
小说,醉步男,[日] 小林泰三,北京时代华文书局,2019-10-1,49.00
小说,堂吉诃德的眼镜,张秋子,上海文艺出版社,2022-10,58
小说,华丽人生,[日] 伊坂幸太郎,新星出版社,2021-11,49.00元
小说,如首无作祟之物,[日] 三津田信三,文化发展出版社,2021-8,68.00
小说,大师和玛格丽特,(苏) 布尔加科夫,上海文艺出版社,2019-9,65.00元
小说,强风吹拂,[日] 三浦紫苑,广西师范大学出版社,2019-10,58.00元
小说,飞行家,双雪涛,广西师范大学出版社,2017-8,45.00元
小说,盐镇,易小荷,新星出版社,2023-2,69.00元
小说,山茶文具店,[日] 小川糸,湖南文艺出版社,2018-3,49.80
小说,第一人称单数,[日]村上春树,文治图书·花城出版社,2021-11-18,56.00
小说,围城,钱锺书,人民文学出版社,2017-6,36.00
小说,网内人,陈浩基,九州出版社,2019-8,62.00元
小说,9号的工作,[韩国] 金惠珍,辽宁人民出版社,2023-4,45
小说,人世间,梁晓声,中国青年出版社,2017-11-1,CNY 238.00
小说,长夜难明,紫金陈,云南人民出版社,2017-1,42.00元
小说,世上最美的溺水者,[哥伦比亚] 加西亚·马尔克斯,南海出版公司,2015-11-1,35.00元
小说,北京折叠,[哥伦比亚] 加西亚·马尔克斯,南海出版公司,2015-11-1,35.00元
小说,宛转环,慕明,上海文艺出版社,2023-2,62.00元
小说,浮木,杨本芬,北京联合出版公司,2021-7-2,39.80
小说,无人生还,[英] 阿加莎·克里斯蒂,新星出版社,2019-5,49.00元
小说,这是我最好的作品,[法] 阿尔贝·加缪、[美国] 欧内斯特·海明威、[美国] 厄普顿·辛克莱、[英国] 阿道司·赫胥黎 等,江苏凤凰文艺出版社,2022-12,98.00元
小说,足利女童连续失踪事件,[日] 清水洁,文汇出版社,2022-7,49.00元
小说,地下室手记,[俄] 陀思妥耶夫斯基,漓江出版社,2019-10-1,39.8
小说,肖申克的救赎,[美] 斯蒂芬·金,人民文学出版社,2006-7,29.90元
小说,河边的错误,[美] 斯蒂芬·金,人民文学出版社,2006-7,29.90元
小说,步履不停,[日] 是枝裕和,北京联合出版公司,2017-5,36.80元
小说,ABC谋杀案,[英] 阿加莎·克里斯蒂,新星出版社,2013-6,28.00元
小说,浪的景观,周嘉宁,上海文艺出版社,2022-8,52.00
小说,无人逝去,[日] 白井智之,四川文艺出版社,2023-7,45.00元
小说,三体全集,[日] 白井智之,四川文艺出版社,2023-7,45.00元
小说,邦查女孩,甘耀明,文化发展出版社,2018-11,76.00元
小说,皮囊,蔡崇达,天津人民出版社,2014-12-1,39.80元
小说,陌生人,陈研一,北京联合出版公司,2023-4,49.80元
小说,夜樱与四季,张玲玲,上海文艺出版社,2023-4,68.00
小说,恋情的终结,[英] 格雷厄姆·格林,江苏凤凰文艺出版社,2017-4,58.00元
小说,头号书迷（2023版）,[美] 斯蒂芬·金,人民文学出版社,2023-5,59.00
小说,迷宫馆事件,[日] 绫辻行人,新星出版社,2016-6,29.00元
小说,太古和其他的时间,[波兰] 奥尔加·托卡尔丘克,四川人民出版社,2017-12,48.00元
小说,斯泰尔斯庄园奇案,[英] 阿加莎·克里斯蒂,新星出版社,2013-3,28.00元
小说,承诺,[南非] 达蒙·加尔格特,广西师范大学出版社,2022-11,75
小说,权力与荣耀,格雷厄姆·格林,文汇出版社,2022-5-30,66
小说,从前我死去的家,[日]东野圭吾,北京十月文艺出版社,2018-8,49.50元
小说,被伤害与侮辱的人们,[俄] 陀思妥耶夫斯基,上海译文出版社,2015-1,CNY 52.00
小说,白痴,[俄] 陀思妥耶夫斯基,上海译文出版社,2015-1,68.00
小说,空芯手帐,八木咏美,南海出版公司,2023-3,49
小说,额尔古纳河右岸,迟子建,北京十月文艺出版社,2005-12,29.00元
小说,洋相,冯骥才,中国友谊出版公司,2019-3-1,45.00
小说,82年生的金智英(2021读者互动版）,[韩]赵南柱,北京联合出版公司,2021-11-10,48.00元
小说,镰仓旋涡咨询所,[日] 青山美智子,烨伊,湖南文艺出版社,2022-8
小说,杀手界·疾风号,(日)伊坂幸太郎,南海出版公司,2015-4,39.50元
小说,酒吧长谈,[秘鲁] 马里奥·巴尔加斯·略萨,人民文学出版社,2021-3,128.00元
小说,公羊的节日,[秘鲁] 马里奥·巴尔加斯·略萨,人民文学出版社,2021-6,108.00
小说,一间只属于自己的房间,[英] 弗吉尼亚·伍尔夫,天津人民出版社,2019-10,45.00元
小说,三幕悲剧,[英] 阿加莎·克里斯蒂,新星出版社,2018-11,39.00元
小说,循环,[英]  本·奥利弗,百花洲文艺出版社,2023-4,52.8
小说,赡养人类,刘慈欣,中国华侨出版社,2016-7,38.00元
小说,你一生的故事,[美] 特德·姜,译林出版社,2019-12,42.00元
小说,分成两半的子爵,[意] 伊塔洛·卡尔维诺,译林出版社,2012-4-1,20.00元
小说,银河帝国2：基地与帝国,[美] 艾萨克·阿西莫夫,江苏凤凰文艺出版社,2015-9,35.00元
小说,明朝那些事儿（1-9）,当年明月,中国海关出版社,2009-4,358.20元
小说,不能承受的生命之轻,米兰·昆德拉,上海译文出版社,2010-8,29.00元
小说,精神与爱欲,[德] 赫尔曼·黑塞,四川文艺出版社,2021-6-1,59.80
小说,难哄,竹已,江苏凤凰文艺出版社,2020-12,48.00元
小说,肠子,（美）恰克·帕拉尼克,北京联合出版公司,2014-11,39.80元
小说,寻找百忧解,陈百忧,台海出版社,2023-2,59.80
小说,过于喧嚣的孤独,博胡米尔.赫拉巴尔,北京十月文艺出版社,2017-10,CNY 32.00
小说,聋哑时代,双雪涛,广西师范大学出版社,2020-4,54.00
小说,不存在的骑士,[意] 伊塔洛·卡尔维诺,译林出版社,2012-4,22.00元
小说,倾城之恋,张爱玲,北京十月文艺出版社,2019-3,49.50元
小说,泥河·萤川,[日]宫本辉,人民文学出版社,2023-2-1,39
小说,满,金翠,人民文学出版社,2023-5-10,58
小说,孝尽,[韩国] 郑世朗,中信出版集团,2023-4,59.8
小说,天堂旅行团,张嘉佳,湖南文艺出版社,2021-8,48.00元
小说,朝颜,[日] 志贺直哉,重庆出版社,2023-5,48元
小说,城南旧事,林海音 文、关维兴 图,中国青年出版社,2003-7,16.00元
小说,如何是好,阎真,湖南文艺出版社,2022-10,59.8
小说,阳光下的罪恶,[英] 阿加莎·克里斯蒂,新星出版社,2014-8,28.00元
小说,献给名侦探的甜美死亡,[日]方丈贵惠,吕灵芝,新星出版社,2023-8
小说,神的九十亿个名字,[英] 阿瑟·克拉克,江苏凤凰文艺出版社,2018-8-20,42.00元
小说,沧浪之水,阎真,北京十月文艺出版社,2021-7,49
小说,星期四，喝可可,[日] 青山美智子,湖南文艺出版社,2022-3-30,49.8
小说,银河帝国：基地七部曲,[美] 艾萨克·阿西莫夫,江苏凤凰文艺出版社,2015-10-1,328.00元
小说,呼兰河传,萧红,百花文艺出版社,2005-01,19.00
小说,圣殿春秋,[英] 肯·福莱特,江苏凤凰文艺出版社,2018-7,188元
小说,南方高速,[阿根廷] 胡里奥·科塔萨尔,南海出版公司,2017-10,68.00
小说,秘要,田耳,上海文艺出版社,2023-3-1,68.00元
小说,西游记（全二册）,吴承恩,人民文学出版社,2004-8,47.20元
小说,白兔,[日] 伊坂幸太郎,南海出版公司,2021-11,59.00
小说,缓步,班宇,上海文艺出版社,2022-11-1,58.00元
小说,坡道上的家,[日] 角田光代,浙江人民出版社,2020-1,48
小说,底牌,[英] 阿加莎·克里斯蒂,新星出版社,2013-7,28.00元
小说,十日谈：新冠时期故事集,《纽约时报》杂志 主编,湖南文艺出版社,2023-8,68.00元
小说,蝇王,[英] 威廉·戈尔丁,上海译文出版社,2022-4,59
小说,呼啸山庄,(英) 艾米莉·勃朗特,译林出版社,2010-8-1,18.00元
小说,大雪将至,[奥地利] 罗伯特·泽塔勒,南海出版公司,2018-6,39.00元
小说,"Babel, or The Necessity of Violence",R. F. Kuang,Harper Voyager,2022-8-23,USD 23.99
小说,杜鲁姆,万程,线装书局,2023-2,58.00
小说,幽暗,韩东,江苏凤凰文艺出版社,2023-5,58.00元
小说,布拉格公墓,[意] 翁贝托·埃科,上海译文出版社,2020-7,78.00
小说,草坪的复仇,[美国] 理查德·布劳提根,广西师范大学出版社,2022-1-1,38.00元
小说,2666,[智利] 罗贝托·波拉尼奥,上海人民出版社,2012-1-1,98.00元
小说,茶花女,[法] 小仲马,上海译文出版社,2010-8-1,15.00元
小说,默读,Priest,百花洲文艺出版社,2018-1,45.00
小说,好骨头,[加]玛格丽特·阿特伍德,包慧怡,河南文艺出版社,2023-2-15
小说,天下骏马,[美国] 科马克·麦卡锡,北京日报出版社,2021-3,66.00元
小说,替身,[美] 苔丝·格里森,新星出版社,2023-5,59.00元
小说,米德尔马契,[英] 乔治·爱略特,人民文学出版社,2018-9,78.00元
小说,高尔夫球场命案,[英] 阿加莎·克里斯蒂,新星出版社,2014-7,28.00
小说,沉默的巡游,[日] 东野圭吾,南海出版公司,2020-3,59.00元
小说,全知读者视角,[韩] sing N song,国际文化出版公司,2023-3,55.00元
小说,沉默,[日]远藤周作,南海出版公司,2013-5,32.00元
小说,罗生门,[日]芥川龙之介,云南人民出版社,2015-8-7,68.00元
小说,体育馆之谜,[日] 青崎有吾,人民文学出版社,2017-10,48
小说,咕咕云谷,[美]安东尼·多尔（Anthony Doer）,中信出版集团,2023-3-28,79
小说,路边野餐,[俄] 阿卡迪·斯特鲁伽茨基、[俄] 鲍里斯·斯特鲁伽茨基,河南文艺出版社,2021-6-15,42
小说,伊凡·伊里奇之死,[俄] 列夫·托尔斯泰,东方出版社,2017-10,46.00元
小说,哈利·波特,J.K.罗琳 (J.K.Rowling),人民文学出版社,2008-12-1,498.00元
小说,暗狩之师：黄石公的狗,[日] 梦枕貘,湖南文艺出版社,2023-5,55
小说,革命之路,[美] 理查德·耶茨,上海译文出版社,2019-8-1,58.00元
小说,玻璃海绵,[日] 向田邦子,贵州人民出版社,2022-12,58.00元
小说,恶心,[法] 让-保罗·萨特,中国友谊出版公司,1999-3,16.00元
小说,寓所谜案,[英] 阿加莎·克里斯蒂,新星出版社,2013-3-1,28.00元
小说,水中舞者,(美) 塔那西斯·科茨 (Ta-Nehisi Coates),译林出版社,2023-7,78.00
小说,反抗的忧郁,(匈) 克拉斯诺霍尔卡伊·拉斯洛,浙江文艺出版社,2023-6,89.00元
小说,连续“杀人鬼”青蛙男,中山七里,花城出版社,2022-9,56.00元
小说,刀锋,[英] 毛姆,江西人民出版社,2017-9-1,36.00
小说,江湖消亡史：枪声四起,赵晨光,中国友谊出版公司,2023-4,45.00元
小说,复明症漫记,(葡)若泽·萨拉马戈,南海出版公司,2014-2,32.00
小说,叫魂,[美] 孔飞力,生活·读书·新知三联书店 上海三联书店,2014-6,38.00元
小说,如此苍白的心,[西班牙] 哈维尔·马里亚斯,南海出版公司,2023-1,68.00
小说,审判,[奥] 弗兰茨·卡夫卡,天津人民出版社,2019-4,49.80元
小说,奇迹降临之前,凌小灵,新星出版社,2023-4,48.00元
小说,儒林外史,吴敬梓,人民文学出版社,2002-1-1,20.00
小说,纯真博物馆,[土耳其] 奥尔罕·帕慕克,上海人民出版社,2010-1,36.00元
小说,命悬一丝,尤凤伟,河北教育出版社,2022-10-1,48.00
小说,该是重新点亮星星的时候了,（法）维尔吉妮·格里马尔蒂,杨旭,湖南文艺出版社,2020-6-30
小说,王室緋聞守則,凱西·麥奎斯頓（Casey McQuiston）,高寶國際,2020-2-5,NTD 380
小说,老派少女购物路线,洪爱珠,北京日报出版社,2023-2,68.00元
小说,苦炼,[法] 玛格丽特·尤瑟纳尔,上海三联书店,2021-10,68.00元
小说,基督山伯爵,[法国] 大仲马,上海译文出版社,1991-12-1,43.90元
小说,第一次,[日]岛本理生、[日本] 辻村深月、[日本] 宫部美雪、[日]森绘都,四川人民出版社,2023-6,42.00元
小说,尤利西斯,[爱尔兰] 乔伊斯,人民文学出版社,2012-5,79.00元
小说,人类群星闪耀时,[奥]斯蒂芬·茨威格,上海文艺出版社,2019-7,49.00元
小说,一个贫穷的年轻人,福泽彻三,贵州人民出版社,2022-12,59.80元
小说,俗世奇人全本,冯骥才,人民文学出版社,2020-1,36.00
小说,外婆的道歉信,[瑞典] 弗雷德里克·巴克曼,天津人民出版社,2017-5,42.00元
小说,青之炎,[日] 贵志祐介,上海译文出版社,2021-5-1,55.00元
小说,来自新世界 （上下）,[日] 贵志祐介,上海译文出版社,2014-1,88.00
小说,美人城手记,陈崇正,花城出版社,2023-7,58.00元
小说,一地鸡毛,刘震云,长江文艺出版社,2011-9-1,29.00元
小说,德米安,[德] 赫尔曼·黑塞,天津人民出版社,2020-5,58.00元
小说,爱，趁我尚未遗忘,[海地]莱昂内尔·特鲁约,人民文学出版社,2023-6,59.00
小说,橘子不是唯一的水果,[英] 珍妮特·温特森,北京联合出版公司,2018-3,49.00元
小说,陆犯焉识,严歌苓,作家出版社,2011-10,35.00元
小说,虚境奇谭,[美] C.A.史密斯,安徽文艺出版社,2023-7,328.00元
小说,喜鹊谋杀案,[英] 安东尼·霍洛维茨,新星出版社,2019-6,69.00元
小说,最后的礼物,[英国] 阿卜杜勒拉扎克·格尔纳,上海译文出版社,2022-9,78
小说,浮现,[加] 玛格丽特·阿特伍德,上海译文出版社,2023-7,78
小说,坤宁,时镜,江苏凤凰文艺出版社,2021-4,88元（2册）
小说,当她是好女人的时候,[美] 菲利普·罗斯,上海译文出版社,2023-5-31,78.00
小说,局外人,[法] 阿尔贝·加缪,江苏凤凰文艺出版社,2019-3,45.00元
小说,一朵桔梗花,[日] 连城三纪彦,新星出版社,2017-10,48.00
小说,德米安 : 彷徨少年时,[德] 赫尔曼·黑塞,译林出版社,2022-8,42.00
小说,大诱拐,[日] 天藤真,新星出版社,2022-3,55.00元
小说,笑忘录,[捷克] 米兰·昆德拉,上海译文出版社,2004-1,21.00元
小说,死于威尼斯,[德] 托马斯·曼,上海译文出版社,2010-5,20.00元
小说,妻子的后事,[日] 坂井希久子,湖南文艺出版社,2022-3,42.80
小说,看海的人,[日] 小林泰三,新星出版社,2015-2,32.80元
小说,穆斯林的葬礼,霍达,北京十月文艺出版社,1988-12-1,32.00
小说,敲响密室之门2,[日] 青崎有吾,新星出版社,2021-6,48.00元
小说,破镜谋杀案,[英] 阿加莎·克里斯蒂,新星出版社,2014-10,29.00
小说,九故事,[美] J. D. 塞林格,译林出版社,2018-10-1,49.80
小说,冷血,[美] 杜鲁门·卡波特,南海出版公司,2023-1,59.00元
小说,鱼没有脚,[冰岛] 约恩·卡尔曼·斯特凡松,四川文艺出版社,2022-1,49.8
小说,密室收藏家,[日] 大山诚一郎,江苏凤凰文艺出版社,2017-10,36.00
小说,流浪地球,刘慈欣,中国华侨出版社,2016-6,38.00元
小说,动物农场,[英] 乔治·奥威尔,上海译文出版社,2007-3,10.00元
小说,白鲸,[美] 赫尔曼·麦尔维尔、Herman Melville,后浪丨江苏凤凰文艺出版社,2021-8,148.00元
小说,张医生与王医生,伊险峰、杨樱,文汇出版社,2021-11,68.00元
小说,蒙面女人,[英] 阿加莎·克里斯蒂,新星出版社,2016-11,36
小说,刀锋,[英]毛姆,人民文学出版社,2022-4,69
小说,不死之徒,于雷,北京联合出版公司,2023-6,48.00元
小说,愤怒的葡萄,[美]约翰·斯坦贝克,湖南文艺出版社,2019-6,69.00元
小说,四世同堂,老舍,北京十月文艺出版社,2008-07,36.00元
小说,麦田里的守望者（70周年纪念版）,J. D. 塞林格,译林出版社,2021-6,39.00元
小说,羊毛战记,(美)休·豪伊,湖南人民出版社,2013-9,58.00元
小说,希腊棺材之谜,[美] 埃勒里·奎因,新星出版社,2017-3,48.00元
小说,王尔德奇异故事集,[英] 奥斯卡·王尔德,浙江文艺出版社,2020-12-30,39.8
小说,艰辛时刻,[秘鲁] 马里奥·巴尔加斯·略萨,人民文学出版社,2023-2,79.00
小说,亮剑,都梁,解放军文艺出版社,2005-3,28.00元
小说,风声,麦家,上海文艺出版社,2020-11-1,59.90
小说,莱姆狂想曲,[波兰] 斯塔尼斯瓦夫·莱姆,河南文艺出版社,2021-12-15,49.9
小说,连枝苑,叶杨莉,上海文艺出版社,2023-3,55.00
小说,熔炉,[韩] 孔枝泳,北京联合出版公司,2020-6,52.8
小说,银河系搭车客指南,[英] 道格拉斯·亚当斯,上海译文出版社,2011-7,26.00元
小说,沙之书,[阿根廷] 豪·路·博尔赫斯,上海译文出版社,2015-7,26.00
小说,恶棍列传,[阿根廷] 豪·路·博尔赫斯,上海译文出版社,2015-6-1,25.00元
小说,持续破产的女人,[日]新川帆立,北京联合出版公司,2023-5,59.00 元
小说,仿生人会梦见电子羊吗？,[美] 菲利普·迪克,译林出版社,2017-10,39.80
小说,后来的人类,[美] 菲利普·迪克,译林出版社,2017-10,39.80
小说,南荒有沛竹,陆源,上海人民出版社,2023-3-1,59.00元
小说,透明的螺旋,[日本] 东野圭吾,南海出版公司,2022-4,49
小说,基督山伯爵,[法]大仲马,译林出版社,2018-10,138
小说,玩偶,法医秦明、秦明,北京联合出版公司,2021-8-17,49.80元
小说,镜之孤城,[日] 辻村深月,浙江文艺出版社,2020-4,56.00元
小说,倾城之恋,张爱玲,北京十月文艺出版社,2012-6-1,29.80元
小说,平面国,[英] 埃德温·A. 艾勃特（Edwin A. Abbott）、插   图：张志涛 樊忠浩,四川文艺出版社,2021-8,58.00元
小说,莫言的奇奇怪怪故事集,莫言,江苏凤凰文艺出版社,2022-3-21,59.9
小说,虎辞山,猎衣扬,四川文艺出版社,2021-10,58.00元
小说,修道院纪事,[葡萄牙] 若泽·萨拉马戈,南海出版公司,2019-5-31,68.00元
小说,静静的顿河,[苏] 肖洛霍夫,人民文学出版社,2015-8,158.00元
小说,呼兰河传,萧红,译林出版社,2023-4,36.00元
小说,火车,[日]宫部美雪,南海出版公司,2016-1,45.00元
小说,银河帝国1：基地,[美] 艾萨克·阿西莫夫,江苏凤凰文艺出版社,2015-10,45.00元
小说,幻夜,〔日〕东野圭吾,南海出版公司,2009-9,28.00元
小说,明日传奇,[美]加·泽文（Gabrielle Zevin）,上海人民出版社,2023-2,65.00元
小说,生而为人,毕啸南,湖南文艺出版社,2023-3,49.80元
小说,帷幕,[英] 阿加莎·克里斯蒂,新星出版社,2015-2,26.00
小说,射雕英雄传,金庸,广州出版社,2013-4,96.00元
小说,当我们谈论爱情时我们在谈论什么,[美] 雷蒙德·卡佛,译林出版社,2010-1,22.00元
小说,盲视,[加] 彼得·沃茨,理想国 ｜ 北京日报出版社,2021-7,62.00元
小说,激情耗尽,[英] 薇塔·萨克维尔-韦斯特,广西师范大学出版社,2022-10,42
小说,白鹿原,陈忠实,作家出版社,2017-4-1,38.00元
小说,老人与海,[美国] 欧内斯特·海明威,上海译文出版社,2009-6,20.00元
小说,我的名字叫红,[土耳其] 奥尔罕·帕慕克,上海人民出版社,2018-10,85.00元
小说,重力小丑,[日] 伊坂幸太郎,新星出版社,2015-4,35.00
小说,恶魔少年,药丸岳,海南出版社,2022-12-1,45
小说,负零,[日]广濑正,北京联合出版公司,2023-5-1,58.00
小说,奥斯特利茨,[德国] 温弗里德·塞巴尔德,广西师范大学出版社,2019-1,68.00元
小说,焚舟纪,[英] 安吉拉·卡特,南京大学出版社,2019-6,120
小说,狱门岛,[日] 横沟正史,南海出版公司,2012-9,28.00元
小说,香水,[德] 帕·聚斯金德,上海译文出版社,2022-7,59
小说,GOTH断掌事件,(日)乙一,译林出版社,2012-1-1,28.00元
小说,光明共和国,[西] 安德烈斯·巴尔瓦,广西师范大学出版社,2020-4,46.00元
小说,征旅,马鸣谦,人民文学出版社,2023-5,148
小说,她们,玛丽·麦卡锡（Mary McCarthy）,湖南文艺出版社,2021-10,59.8
小说,我们生活在南京,天瑞说符,中信出版社,2022-12,99.80
小说,鸭镇往事,曹寇,上海文艺出版社,2023-3,68.00
小说,时间箭,[英] 马丁·艾米斯,上海译文出版社,2014-4,45.00元
小说,天使望故乡,[美国] 托马斯·沃尔夫,广西师范大学出版社,2022-7,108.00元（全三册）
小说,不便的便利店,[韩] 金浩然,浙江教育出版社,2023-1,45.00元
小说,复活,(俄罗斯) 列夫·托尔斯泰,人民文学出版社,2020-9,98.00元
小说,当尼采哭泣,[美国] 欧文·亚隆,机械工业出版社,2017-3,49.00元
小说,银河系漫游指南,[英] 道格拉斯·亚当斯,四川科学技术出版社,2005-6,16.00元
小说,山月记,[日] 中岛敦,三秦出版社,2018-12,45.00元
小说,我要活下去,[韩国] 金琸桓,敦煌文艺出版社,2022-5-19,52
小说,千秋,梦溪石,天地出版社,2022-2,78.00（全2册）
小说,十宗罪2,蜘 蛛,湖南文艺出版社,2011-7-1,26.80元
小说,学徒,[美] 苔丝·格里森,新星出版社,2023-4,56.00元
小说,古董局中局1,马伯庸,湖南文艺出版社,2018-5-1,45.00元
小说,客乡,[德]燕妮·埃彭贝克,北京日报出版社,2023-1,RMB 59.00
小说,第七天,余华,新星出版社,2013-6,29.50元
小说,西北雨,童伟格,四川人民出版社,2019-10,42.00元
小说,观鹤笔记,她与灯,中国友谊出版公司,2022-12,48.00元
小说,鹿鼎记,金庸,生活·读书·新知三联书店,1994-5,96.00元
小说,使女的故事,[加拿大] 玛格丽特·阿特伍德,上海译文出版社,2020-7,59
小说,鲜花盛开的森林·忧国,(日)三岛由纪夫,上海译文出版社,2013-5,32.00
小说,豺狼的日子,弗·福赛斯、弗雷德里克·福赛斯,新星出版社,2009-6,29.00元
小说,美好事物的忧伤,[英]西蒙·范·布伊,人民文学出版社,2023-6-1,59.00元
小说,随巴黎起舞,[爱尔兰]科伦·麦凯恩,人民文学出版社,2023-4,59.00
小说,天之下,[爱尔兰]科伦·麦凯恩,人民文学出版社,2023-4,59.00
小说,华氏451,[美] 雷·布拉德伯里,上海译文出版社,2022-8,58.00
小说,火星编年史,[美] 雷·布拉德伯里,上海译文出版社,2022-8,79.00
小说,无人生还,[英] 阿加莎·克里斯蒂,新星出版社,2013-7,28.00元
小说,K和N的悲剧,[日] 高野和明,花城出版社,2023-5-22,48.00元
小说,熟年,伊北,中信出版集团,2021-1,58
小说,四魔头,[英] 阿加莎·克里斯蒂,新星出版社,2017-1,30.00元
小说,离世猫的花园,[土] 比尔盖·卡拉素,重庆出版社,2023-6,78.00元
小说,正常人,[爱尔兰] 萨莉·鲁尼,上海译文出版社,2020-7,49.80元
小说,哈利·波特与阿兹卡班的囚徒,[英] J. K. 罗琳,人民文学出版社,2000-9,26.50元
小说,人生,路遥,北京十月文艺出版社,2020-1,45.00元
小说,无敌号,[波] 斯坦尼斯瓦夫·莱姆,译林出版社,2021-8,45.00元
小说,在西瓜糖里,[美] 理查德·布劳提根,人民文学出版社,2021-9,55.00
小说,人性记录,[英]阿加莎·克里斯蒂,新星出版社,2014-1,28.00
小说,外星人与赞美诗,王元,北京联合出版公司,2023-4,59.80
小说,只有你听到,[日] 乙一,浙江人民出版社,2021-1,48.00
小说,城堡,[奥] 弗兰茨·卡夫卡,天津人民出版社,2020-1,49.80元
小说,环界2,[日] 铃木光司,南海出版公司,2017-1-1,39
小说,昨日的世界,[奥] 斯特凡·茨威格,上海译文出版社,2018-7,49.00元
小说,无名之町,[日本] 东野圭吾,南海出版公司,2021-7,59.00元
小说,迷路员,沈大成,台海出版社,2021-7,52
小说,悬崖山庄奇案,[英] 阿加莎·克里斯蒂,新星出版社,2013-5,28.00元
小说,巨人的陨落,[英] 肯·福莱特,江苏凤凰文艺出版社,2016-5-1,CNY 129.80
小说,葡萄牙的高山,[加拿大] 扬·马特尔,北京联合出版公司,2017-11-1,58.00元
小说,哈利·波特与火焰杯,[英] J. K. 罗琳,人民文学出版社,2001-5,39.80元
小说,红楼梦事件,褚盟,浙江文艺出版社,2023-2,58
小说,烦人的爱,[意]埃莱娜•费兰特,人民文学出版社,2022-10,45.00
小说,逃离,[加] 艾丽丝·门罗,北京十月文艺出版社,2016-10-1,49.50元
小说,呼兰河传,萧红,天津人民出版社,2015-3,29
小说,晚明,萧红,天津人民出版社,2015-3,29
小说,春雪,[日] 三岛由纪夫,人民文学出版社,2018-9,49.00元
小说,大奉打更人,卖报小郎君,追梦人出版社、中国文学艺术出版社,2020-11-1,87
小说,姑获鸟之夏,[日] 京极夏彦,上海人民出版社,2008-8,36.00
小说,达洛卫夫人,(英)弗吉尼亚·伍尔夫,上海译文出版社,2009-1,22.00
小说,驻马店伤心故事集,郑在欢,上海文艺出版社,2023-4,52.00元
小说,小说鉴赏,[美] 克林斯·布鲁克斯、[美] 罗伯特·潘·沃伦 编著,花城出版社,2023-2,98.00元
小说,闪光的氰化物,[英] 阿加莎·克里斯蒂,新星出版社,2018-5,38.00
小说,风起陇西,马伯庸,山西人民出版社,2011-1,29.80元
小说,奇鸟行状录,村上春树,上海译文出版社,2009-8,39.00元
小说,空城计,呼延云,新星出版社,2022-5,59.00元
小说,葬礼之后,[英]阿加莎·克里斯蒂,新星出版社,2014-12,28.00元
小说,欢乐与时日,[法]马塞尔·普鲁斯特,译林出版社,2023-7-1,45.00元
小说,大师,[爱尔兰]科尔姆·托宾,上海译文出版社,2021-2,76.00元
小说,我这一辈子,老舍,湖南文艺出版社,2017-5,28.00
小说,当我们谈论爱情时我们在谈论什么,[美] 雷蒙德·卡佛,南海出版公司,2020-10,49.00元
小说,有花生的寻常一天,[美] 雪莉·杰克逊,北京联合出版公司,2022-5,49.80
小说,老妓抄,冈本加乃子,重庆出版社,2012-6,32.00元
小说,地球的漫长午后,[英] 布赖恩·W.奥尔迪斯,人民文学出版社,2023-1,45.00
小说,如英,常小琥,人民文学出版社,2023-1,52.00元
小说,小偷家族,[日] 是枝裕和,北京联合出版公司,2019-1,45.00
小说,第七天,余华,新星出版社,2023-1,49
小说,借镜杀人,[英] 阿加莎·克里斯蒂,新星出版社,2015-5,28.00
小说,厨房,[日]吉本芭娜娜,上海译文出版社,2009-10,22.00元
小说,借命而生,石一枫,河南文艺出版社,2023-5-31,49.90
小说,项塔兰,格里高利·大卫·罗伯兹,北京联合出版公司,2020-8,52.00元
小说,沙漠,[日] 伊坂幸太郎,新星出版社,2020-2,58.00
小说,信号,[美] 蒂姆·高特罗（Tim Gautreaux）,上海译文出版社,2022-4,89.00
小说,朗读者,[德] 本哈德·施林克,译林出版社,2012-8,28.00元
小说,空幻之屋,[英] 阿加莎·克里斯蒂,新星出版社,2014-11,29.00
小说,六姊妹,伊北,河南文艺出版社,2023-5,128.00元
小说,川端康成经典名作集,[日]川端康成,四川人民出版社,2023-6,168.00元
小说,桶川跟踪狂杀人事件,[日] 清水洁,四川人民出版社,2021-2,45.00元
小说,午夜之子,[英] 萨曼·鲁西迪,北京燕山出版社,2015-9,56.00元
小说,庆祝无意义,米兰·昆德拉,上海译文出版社,2023-2,45.00
小说,生活在别处,米兰·昆德拉,上海译文出版社,2022-9,75.00
小说,应物兄,李洱,人民文学出版社,2018-12,79.00元
小说,推拿,毕飞宇,人民文学出版社,2022-4,59.00元
小说,低智商犯罪,紫金陈,天津人民出版社,2020-5,48.00元
小说,卡夫卡小说全集（全三册）,[奥] 卡夫卡,人民文学出版社,2003-08,60.00元
小说,金宫案,曹操,天地出版社,2023-7,56.00元
小说,仪式,[美] 莱斯利·马蒙·西尔科,浙江文艺出版社,2023-6,59.00元
小说,环界1,[日] 铃木光司,南海出版公司,2017-1-1,39
小说,生死疲劳,莫言,浙江文艺出版社,2017-1,48.00元
小说,一半是海水一半是火焰,王朔,时代文艺出版社,2000-08,18.00
小说,奥兰多,[英国] 弗吉尼亚·伍尔夫,天津人民出版社,2021-9,58.00元
小说,四种误证,[美] 约翰·迪克森·卡尔,外语教学与研究出版社,2023-5,56.00元
小说,白夜,[俄] 陀思妥耶夫斯基,上海译文出版社,2015-1,48.00元
小说,涅朵奇卡·涅茨瓦诺娃,[俄] 费奥多尔·陀思妥耶夫斯基,上海文艺出版社,1959.10,0.64
小说,人生如寄：汪曾祺经典作品集（全6册）,汪曾祺,读者出版社,2023-5,298.00元
小说,小团圆,张爱玲,北京十月文艺出版社,2019-3,49.00元
小说,爱伦·坡短篇小说集,[美] 爱伦·坡,人民文学出版社,1998-2-1,17.00
小说,士兵如何修理留声机,萨沙·斯坦尼西奇,上海人民出版社,2023-5,59
小说,甜点们的盛大舞会,[日]梦野久作、绘者：陈琪,上海人民美术出版社,2023-5,68.00元
小说,琴之空音,(日)夏目漱石 等 著,北方文艺出版社,2023-5,59.8
小说,说史记,杨早,北京联合出版有限公司,2023-5,78.00元
小说,额尔古纳河右岸,迟子建,北京十月文艺出版社,2005-12,29.00元
小说,仲夏之死,(日)三岛由纪夫,上海译文出版社,2012-2,25.00元
小说,窦占龙憋宝：七杆八金刚,天下霸唱,北京联合出版公司,2021-9,59.50元
小说,眩晕,[德国] 温弗里德·塞巴尔德,广西师范大学出版社,2021-4,52.00元
小说,红高粱家族,莫言,浙江文艺出版社,2017-1,49.00元
小说,小王子,[法] 圣埃克苏佩里,人民文学出版社,2003-8,22.00元
小说,放学后,[日] 东野圭吾,南海出版公司,2017-9,45
小说,金墟,熊育群,北京十月文艺出版社,2022-12,58
小说,小说的十字路口,格非,浙江文艺出版社,2023-4,59.00元
小说,坏小孩,紫金陈,湖南文艺出版社,2018-7-1,54.00元
小说,他们来到巴格达,[英] 阿加莎·克里斯蒂,新星出版社,2015-1,29.00
小说,务虚笔记,史铁生,人民文学出版社,2011-4-1,30.00元
小说,西出玉门 上,尾鱼,敦煌文艺出版社,2018-10,42.00元
小说,大师与玛格丽特,米·阿·布尔加科夫,中央编译出版社,2017-5,58.00元
小说,伊凡·伊里奇之死,[俄] 列夫·托尔斯泰,东方出版社,2021-6-30,49.00元
小说,海边魔术师,孙频,人民文学出版社,2023-5,49.00元
小说,爱德华·巴纳德的堕落,[英] 毛姆,广西师范大学出版社,2016-10-1,56.00元
小说,解密,麦家,北京十月文艺出版社,2019-10,58.00元
小说,在北方,张惠雯,北京十月文艺出版社,2023-6-1,52.00
小说,海底两万里,[法国] 儒尔·凡尔纳,译林出版社,2002-9,19.50元
小说,玩笑,[捷克] 米兰·昆德拉,上海译文出版社,2003-6,24.00
小说,火星救援,[美]安迪•威尔,译林出版社,2015-10,38.00
小说,人间椅子,[日]江户川乱步,江苏凤凰文艺出版社,2022-9-9,49.9
小说,海明威短篇小说全集（上下册）,[美] 欧内斯特·海明威,上海译文出版社,2019-8,138.00元（上下册）
小说,蝉时雨,[日] 藤泽周平,译林出版社,2018-8,65.00
小说,镜与光,[英] 希拉里·曼特尔,上海译文出版社,2023-2,168
小说,失乐园,[日]渡边淳一,北京联合出版公司,2014-6,39.80元
小说,教父3,[美] 马里奥·普佐,江苏文艺出版社,2014-4-1,54.00元
小说,呼啸山庄,艾米莉·勃朗特,人民文学出版社,1999-01-01,27.30元
小说,紫颜色,[美] 艾丽斯·沃克,花城出版社,2023-8,70.00元
小说,背叛,豆豆,群众出版社,2000年5月,24.80
小说,平凡的世界（全三部）,路遥,北京十月文艺出版社,2021-6,138.00
小说,诡秘之主 1,爱潜水的乌贼,广东旅游出版社,2020-5,39.80元
小说,逆转苏格拉底,[日] 伊坂幸太郎,四川文艺出版社,2022-8,48.00元
小说,动物园,[日] 乙一,人民文学出版社,2022-1,50.00元
小说,羔羊们的平安夜,[日] 西泽保彦,新星出版社,2017-1,36.00
小说,1Q84 BOOK1,[日]村上春树,南海出版公司,2018-9-1,49.60元
小说,命案目睹记,[英] 阿加莎·克里斯蒂,新星出版社,2014-12,29.00
小说,哪啊哪啊神去村,[日] 三浦紫苑,文治图书·北京联合出版社,2020-4-30,42.00元
小说,"Tomorrow, and Tomorrow, and Tomorrow",[日] 三浦紫苑,文治图书·北京联合出版社,2020-4-30,42.00元
小说,德米安,[德] 赫尔曼·黑塞,上海人民出版社,2009-3,25.00元
小说,锦绣,[日]宫本辉,人民文学出版社,2023-2-1,39
小说,干燥,徐楚舒,上海文艺出版社,2023-2,58
小说,鞋带,[意] 多梅尼科·斯塔尔诺内,上海译文出版社,2020-5,45
小说,赵南栋,陈映真,九州出版社,2020-6,79
小说,偷偷藏不住,陈映真,九州出版社,2020-6,79
小说,取出疯石,周婉京,上海文艺出版社,2022-5,55.00元
小说,你好下北泽,[日] 吉本芭娜娜、[日] 大野舞 画,上海译文出版社,2023-2,58元
小说,呐喊无声,（美国）蒂芙尼·麦克丹尼尔,四川人民出版社,2023-5-1,65
小说,尼罗河上的惨案,[英] 阿加莎·克里斯蒂,新星出版社,2013-9,29.00元
小说,群山回唱,[美] 卡勒德·胡赛尼,上海人民出版社,2013-8,36.00元
小说,人类灭绝,[日] 高野和明,江苏凤凰文艺出版社,2018-8,¥69.90
小说,彷徨,鲁迅,人民文学出版社,1973-3,0.37元
小说,呐喊,鲁迅,人民文学出版社,1973-3,0.36元
小说,夜航西飞,[英]柏瑞尔·马卡姆,人民文学出版社,2018-9,59.00元
小说,三四郎,[日] 夏目漱石,上海译文出版社,2017-3-1,39.00
小说,门,[日] 夏目漱石,上海译文出版社,2017-3,36
小说,朋友以上，侦探未满,[日] 麻耶雄嵩,新星出版社,2023-7,48.00元
小说,金瓶梅,[日] 麻耶雄嵩,新星出版社,2023-7,48.00元
小说,每一句话语都坐着别的眼睛,[德] 赫塔·米勒,贵州人民出版社,2023-4,52.00元
小说,Lessons in Chemistry,[德] 赫塔·米勒,贵州人民出版社,2023-4,52.00元
小说,离婚,老舍,云南人民出版社,2019-9,39
小说,炽焰燃烧,(美) 罗恩·拉什,人民文学出版社,2011-10-1,22.00元
小说,台湾黑猫旅社,(美) 罗恩·拉什,人民文学出版社,2011-10-1,22.00元
小说,谋杀启事,[英] 阿加莎·克里斯蒂,新星出版社,2014-8,29.00
小说,醒来的女性,[美] 玛丽莲·弗伦奇,北京联合出版公司,2017-7,90.00元
小说,镜影,[美] 布鲁斯·斯特林 编,北京时代华文书局,2023-4,59.00
小说,银河系边缘的小失常,[以色列] 埃特加·凯雷特,湖南文艺出版社,2020-5,49.00元
小说,恶意,[日] 东野圭吾,南海出版公司,2009-6,18.00
小说,一半是火焰 一半是海水,王朔,北京十月文艺出版社,2015-3-1,39.00元
小说,无证之罪（修订新版）,紫金陈,湖南文艺出版社,2023-6,55.0
小说,花束般的恋爱,坂元裕二、黑住光,蕾克,广西师范大学出版社,2022-12
小说,家鸭与野鸭的投币式寄物柜,[日] 伊坂幸太郎,新星出版社,2016-6,38.00元
小说,假面的告白,[日]三岛由纪夫,辽宁人民出版社,2021-2,36.00元
小说,潮骚,[日]三岛由纪夫,辽宁人民出版社,2021-2,32.00元
小说,现实主义的报复,[美]彼得·盖伊,北京联合出版公司,2023-5,58
小说,你往何处去,[波兰] 亨里克·显克维奇,南海出版公司,2013-1,49.50元
小说,麒麟之翼,[日]东野圭吾,南海出版公司,2015-7,39.50元
小说,玻璃之锤,[日] 贵志佑介,重庆出版社,2013-11,36.00
小说,鱼猎,史迈,湖南文艺出版社,2022-6,49.00元
小说,不然你搬去火星啊,[日] 伊坂幸太郎,新星出版社,2016-8,38.00
小说,面纱,(英)W.萨默塞特·毛姆,重庆出版社,2012-05-01,32.00元
小说,平家物语,佚名,上海译文出版社,2011-12-1,53.00元
小说,怦然心动,文德琳·范·德拉安南、Wendelin Van Draanen,百花洲文艺出版社,2016-11-1,42.80
小说,人鱼陷落,麟潜,湖南文艺出版社,2022-7,52.80元
小说,老实人,（法）伏尔泰,上海译文出版社,2017-8,32.00元
小说,通俗小说,仁科,四川文艺出版社,2022-12-15,49
小说,其主之声,[波] 斯坦尼斯瓦夫·莱姆,译林出版社,2021-8,46.00元
小说,惨败,[波] 斯坦尼斯瓦夫·莱姆,译林出版社,2021-8,58.00元
小说,小行星掉在下午,沈大成,理想国 | 广西师范大学出版社,2019-12,54.00
小说,妻妾成群,苏童,上海文艺出版社,2004-8,23.00元
小说,大唐狄公案,高罗佩,现代出版社,2023-3,360元
小说,不可能犯罪诊断书 1,[美] 爱德华·霍克,湖南文艺出版社,2023-2,59.80元
小说,逍遥游,班宇,理想国|春风文艺出版社,2020-5,58.00元
小说,猎魔人4：轻蔑时代,[波兰] 安德烈·斯帕克沃斯基,重庆出版社,2016-9,36.80元
小说,九州·缥缈录,江南,新世界出版社,2005-6,20.00元
小说,黯夜之光,娄霄鹏,中国工人出版社,2020-10,40.00元
小说,我叫刘跃进,刘震云,长江文艺出版社,2011-9-1,29.00元
小说,流俗地,[马来西亚] 黎紫书,麥田出版公司,2020-5-2,NTD450
小说,宠儿,(美)托妮·莫里森,南海出版公司,2013-6,39.00元
小说,华氏451,[美] 雷·布拉德伯里,上海译文出版社,2017-7,45.00
小说,一首朋克救地球,[日] 伊坂幸太郎,新星出版社,2016-7,33.00
小说,芙蓉镇,古华,人民文学出版社,2019-1-1,29.00元
小说,悲惨世界,[法] 雨果,人民文学出版社,2015-6,110.00元
小说,飞往温哥华,蒋在,中信出版集团,2023-4,49.80元
小说,13 67,陳浩基,皇冠文化出版有限公司,2014-6-9,NT$350
小说,生死场,萧红,译林出版社,2023-4,48.00元
小说,萧红作品 : 她和她的黄金时代,萧红,译林出版社,2023-4,178.00元
小说,放学后,[日] 东野圭吾,南海出版公司,2010-1,20.00元
小说,警探长 1,奉义天涯,安徽文艺出版社,2023-6-1,52
小说,红拂夜奔,王小波,北京十月文艺出版社,2017-7,39.00
小说,被嫌弃的松子的一生,[日] 山田宗树,四川文艺出版社,2018-5,45.0元
小说,复仇女神,[英] 阿加莎·克里斯蒂,新星出版社,2015-8,29.00
小说,快乐的死,[法]加缪,上海文艺出版社,2019-2,29
小说,米格尔街,[英] V.S.奈保尔,南海出版公司,2019-11,45.00元
小说,刀与伞,[日] 伊吹亚门,新星出版社,2023-3,48.00元
小说,起初·竹书,王朔,新星出版社,2023-4-23,89.00元
小说,金色之死,[日] 谷崎润一郎,上海译文出版社,2022-9-30,35.00
小说,藏书室女尸之谜,[英] 阿加莎·克里斯蒂,新星出版社,2013-5,26.00元
小说,我与地坛,史铁生,人民文学出版社,2011-1-1,23.00元
小说,呼兰河传,萧红,江西人民出版社,2019-7-1,39.00元
小说,最初的爱情，最后的仪式,[英] 伊恩·麦克尤恩,上海译文出版社,2018-6,39.00元
小说,莱博维茨的赞歌,[美] 小沃尔特·M·米勒,中信出版社,2018-5,56.00元
小说,猎魔人（卷一）,[波兰] 安杰伊·萨普科夫斯基,重庆出版社,2020-8,72.8
小说,童年的终结,[英] 阿瑟·克拉克,江苏凤凰文艺出版社,2018-9-15,42.00元
小说,心,[日] 夏目漱石,江苏凤凰文艺出版社,2021-3-30,45.00元
小说,奥古斯都,[美] 约翰·威廉斯,上海人民出版社,2018-5,65.00元
小说,一个叫欧维的男人,[瑞典] 弗雷德里克·巴克曼,四川文艺出版社,2019-11,45
小说,人鼠之间,[美] 约翰·斯坦贝克,人民文学出版社,2019-3,25.00
小说,安娜·卡列尼娜,[俄] 列夫·托尔斯泰,译林出版社,2014-4,49.00
小说,迷宫中的人,[意] 多纳托·卡瑞西,上海译文出版社,2023-4,68.00元
小说,鬼吹灯-全八册,天下霸唱,湖南文艺出版社,2019-7,326.00元
小说,黑暗的左手,[美] 厄休拉·勒古恩,北京联合出版公司,2017-12,45.00
小说,邮差总按两遍铃,詹姆斯·M·凯恩,上海译文出版社,2022-11,58
小说,啤酒之家的冒险,(日)西泽保彦,新星出版社,2013-6,26.00
小说,犬神家族,(日)横沟正史,南海出版公司,2013-1-1,28.00元
小说,冷血,[美] 杜鲁门·卡波特,南海出版公司,2013-10,39.50元
小说,神嫖,莫言,浙江文艺出版社,2019-4,42.00
小说,春山夜行,韩松落,译林出版社,2023-2,68.00
小说,纳尔齐斯与歌尔德蒙,[德]赫尔曼·黑塞,上海译文出版社,2007-7,23.00
小说,三口棺材,[美] 约翰·迪克森·卡尔,新星出版社,2019-3,49.00
小说,悠悠岁月,[法] 安妮·埃尔诺,人民文学出版社,2021-6-1,39.00元
小说,后来的事,[日] 夏目漱石,上海译文出版社,2017-3,39.00
小说,苹果酒屋的规则,[美]约翰·欧文,江苏凤凰文艺出版社,2018-6,89.90元
小说,与罗摩相会,[英] 阿瑟·克拉克,江苏凤凰文艺出版社,2018-6-15,42.00元
小说,小紅帽，在旅途中遇見屍體,青柳碧人,新經典,2023-3-29,NT$380.00
小说,侯卫东官场笔记,小桥老树,凤凰出版社,2010-6,29.80元
小说,暗店街,[法] 帕特里克·莫迪亚诺,人民文学出版社,2017-8,45.00元
小说,生活与命运,[俄罗斯] 瓦西里·格罗斯曼,广西师范大学出版社,2015-8-20,118.00元
小说,超新星纪元,刘慈欣,重庆出版社,2016-9,30.00
小说,偷影子的人,(法)马克·李维,湖南文艺出版社,2012-6-20,29.80元
小说,尼罗河上的惨案,[英] 阿加莎·克里斯蒂,人民文学出版社,2006-5,22.00元
小说,人皮论语,冶文彪,作家出版社,2011-1,28.00元
小说,神谕女士,[加拿大] 玛格丽特·阿特伍德,文汇出版社,2022-10-8,79.9
小说,在轮下,[德] 赫尔曼·黑塞,上海译文出版社,2021-4,42.00元
小说,一地鸡毛,刘震云,花城出版社,2022-8,60.00元
小说,献给折颈男的协奏曲,[日] 伊坂幸太郎,新星出版社,2016-4,36.00元
小说,魍魉之匣（下）,[日] 京极夏彦,上海人民出版社,2009-1,29.00
小说,指匠,[英] 萨拉·沃特斯,上海人民出版社,2017-9,65.00元
小说,深潜游戏Ⅱ,[俄罗斯] 谢尔盖·卢基扬年科,新星出版社,2023-6,62
小说,天才基本法·完结篇,长洱,江苏凤凰文艺出版社,2019-9,78.00元
小说,卡拉马佐夫兄弟,[俄] 费奥多尔·陀思妥耶夫斯基,译林出版社,2021-5,118.00
小说,北鸢,葛亮,人民文学出版社,2016-10-1,45.00元
小说,吞海,葛亮,人民文学出版社,2016-10-1,45.00元
小说,动物园,[日] 乙一,人民文学出版社,2016-8-1,49.80
小说,战争与和平,(俄罗斯) 列夫·托尔斯泰,人民文学出版社,2020-9,288.0元
小说,罪恶捕手：恶童医院,多纳托·卡瑞西,北京日报出版社,2022-11-30,59.9
小说,一千一秒物语,[日] 稻垣足穗,广西师范大学出版社,2023-1,69
小说,奥兰多,[英] 弗吉尼亚·伍尔夫,上海译文出版社,2022-10,72
小说,温故一九四二,刘震云,花城出版社,2022-8,52.00元
小说,雪花写作法,[美]兰迪·英格曼森,中国青年出版社,2022-5-1,59.00元
小说,家庭生活,姚鄂梅,人民文学出版社,2021-2-1,39.00元
小说,妻妾成群,苏童,浙江人民出版社,2019-2-1,48.00
小说,关于那个人的备忘录,[日] 小林泰三,新星出版社,2021-3,45.00
小说,大地上我们转瞬即逝的绚烂,王鸥行,北京联合出版公司,2023-6,55.00元
小说,不可能幸存,呼延云,新星出版社,2023-4,56.00元
小说,清明上河图密码,呼延云,新星出版社,2023-4,56.00元
小说,人都是要死的,(法) 波伏瓦,上海译文出版社,2012-1,32.00元
小说,西游八十一案,陈渐,重庆出版社,2018-2,39.8元
小说,小异邦人,[日]连城三纪彦,北京时代华文书局,2022-4,52.00元
小说,三国配角演义,马伯庸,湖南文艺出版社,2019-12-14,49.80元
小说,球状闪电,刘慈欣,四川科学技术出版社,2016-9,25.00
小说,加勒比海之谜,[英] 阿加莎·克里斯蒂,新星出版社,2018-3,42
小说,刀锋,[英] 毛姆,上海译文出版社,2014-6,40.00元
小说,夜间故事,苏童,人民文学出版社,2018-11,118
小说,我将独自前行,[日] 若竹千佐子,北京联合出版公司,2020-3,42.00元
小说,外星人救助指南,杨董,江苏凤凰文艺出版社,2023-5,59.00元
小说,八月之光,[美] 威廉·福克纳,译林出版社,2015-3-1,39.00元
小说,一个知识女性的思考系列,[英]蕾切尔·卡斯克,中信出版集团,2020-3,128.00元
小说,穿越,[美] 科马克·麦卡锡,北京日报出版社,2021-3,81.00元
小说,布鲁克林,[爱尔兰] 科尔姆·托宾,上海译文出版社,2021-9,69元
小说,漫长的中场休息,[美] 本·方登,南海出版公司,2016-11-1,45.00元
小说,海浪,[英] 弗吉尼亚·伍尔夫,上海译文出版社,2023-4,72
小说,茶馆,老舍,人民文学出版社,2002-1,9.80元
小说,查泰莱夫人的情人,(英国)  D.H.劳伦斯,译林出版社,2021-1,58.00元
小说,平面犬,[日]乙一,南海出版公司,2021-4,59.00元
小说,如父如子,[日] 是枝裕和、[日] 佐野晶,湖南文艺出版社,2018-4,49.80
小说,草原动物园,马伯庸,中信出版社,2017-3,48.00
小说,小夜曲,[英] 石黑一雄,上海译文出版社,2011-4,27.00元
小说,麦田里的守望者,[美国] J. D. 塞林格,译林出版社,2007-3,28.00元
小说,哥儿,夏目漱石,上海译文出版社,2017-3,32
小说,人鼠之间,[美] 约翰·斯坦贝克,江苏凤凰文艺出版社,2019-6-1,49.90元
小说,宫墙柳,梦娃,江苏凤凰文艺出版社,2020-5-1,45元
小说,远大前程,[英]狄更斯,上海译文出版社,2011-5-1,26.00元
小说,为青年设立的读书俱乐部,[日]樱庭一树,北京联合出版公司,2021-9-25,45
小说,命若飘蓬,[法]西尔万·泰松,人民文学出版社,2023-5,59.00
小说,怒,[日] 吉田修一,上海人民出版社,2016-7-31,42.00元
小说,伊豆的舞女,[日] 川端康成,广西师范大学出版社,2002-2,23.80元
小说,他者的起源,[美] 托妮·莫里森,南海出版公司,2023-7,59
小说,不可能犯罪诊断书 2,[美] 爱德华·霍克,湖南文艺出版社,2023-2,59.80元
小说,占星术杀人魔法,[日] 岛田庄司,新星出版社,2012-5,28.00元
小说,神经漫游者,[美] 威廉·吉布森,江苏凤凰文艺出版社,2013-6,32.00元
小说,Wonder,R. J. Palacio,Knopf Books for Young Readers,2012-2-14,USD 18.99
小说,洛丽塔,[美] 弗拉基米尔·纳博科夫,上海译文出版社,2005-12,27.00元
小说,长夜,[英] 阿加莎·克里斯蒂,新星出版社,2014-4-1,28.00元
小说,白马啸西风,[英] 阿加莎·克里斯蒂,新星出版社,2014-4-1,28.00元
小说,2022中国年度悬疑小说,蔡骏 主编、贺老鱼 选编、马亿 选编,漓江出版社,2023-5,49.00
小说,然后，活下去,坂元裕二,广西师范大学出版社,2023-6,49.00元
小说,遗忘效应,[美] 乔·哈特,北京联合出版公司,2023-7,59.00元
小说,哈利·波特与密室,[英] J. K. 罗琳,人民文学出版社,2000-9,22.00元
小说,首无·作祟之物,[日]三津田信三,吉林出版集团,2011-6,35.00元
小说,雪中悍刀行 1,烽火戏诸侯,江苏文艺出版社,2013-9-1,25.00元
小说,福尔摩斯探案全集（上中下）,[英] 阿·柯南道尔,群众出版社,1981-8,53.00元/68.00元
小说,第七位囚禁者,葵田谷,浙江文艺出版社,2023-6,59.80 元
小说,如幽女怨怼之物,[日] 三津田信三,文化发展出版社,2020-12,68.00
小说,现实一种,余华,作家出版社,2008-5,17.00元
小说,一个陌生女人的来信,[奥] 斯蒂芬·茨威格,上海译文出版社,2007-7,20.00元
小说,鳄鱼手记,邱妙津,北京日报出版社,2021-7,56.00
小说,简爱,[英] 夏洛蒂·勃朗特,上海文艺出版社,2007-8-1,27.00元
小说,哈利·波特与魔法石,[英] J. K. 罗琳,人民文学出版社,2000-9,19.50元
小说,高智商犯罪3,紫金陈,中国电影出版社,2017,29.80元
小说,慈禧全传,高阳,新星出版社,2015-6,398.00元
小说,全员嫌疑人,[日] 大山诚一郎,河南文艺出版社,2021-10,42
小说,芙蓉镇,古华,人民文学出版社,2005-1,13.00元
小说,大教堂,[美] 雷蒙德·卡佛,译林出版社,2009-1,25.00
小说,不存在的骑士,[意] 伊塔洛·卡尔维诺,译林出版社,2020-1,39.00
小说,实用主义者的爱情,[意] 伊塔洛·卡尔维诺,译林出版社,2020-1,39.00
小说,我们,[俄] 叶甫盖尼·扎米亚京,上海译文出版社,2017-1,36.00元
小说,档案,黄咏梅,河北教育出版社,2022-10-1,48.00元
小说,我是猫,夏目漱石,上海译文出版社,2017-3-1,50.00
小说,爱丽丝罪恶奇境,[日] 早坂吝,文汇出版社,2022-4,42
小说,山月记,[日]中岛敦,中华书局,2021-8,58
小说,去山巅呼喊,[美]詹姆斯·鲍德温,人民文学出版社,2023-2,69.00
小说,然后，门被关上了,[日] 冈岛二人,化学工业出版社,2020-4,48.00元
小说,白雪公主,[日] 森川智喜,新星出版社,2023-3,49.00元
小说,天才基本法,长洱,江苏凤凰文艺出版社,2019-7,78.00元
小说,克林索尔的最后夏天,[德] 赫尔曼·黑塞,天津人民出版社,2019-1,39.8
小说,捉住那只发情的猫,谈波,上海三联书店,2022-10,62.00元
小说,大教堂,[美] 雷蒙德·卡佛,南海出版公司,2020-11,59
小说,摩登时代,[日] 伊坂幸太郎,南海出版公司,2017-4,49.50元
小说,傩面,肖江虹,安徽文艺出版社,2018-3,38
小说,沉睡谋杀案,[英] 阿加莎·克里斯蒂,新星出版社,2014-9-1,28.00
小说,黑麦奇案,[英] 阿加莎·克里斯蒂,新星出版社,2018-4,39.00
小说,雨,[马来西亚] 黄锦树,四川人民出版社,2018-3,38.00元
小说,巴黎图书馆,[美] 珍妮特·斯凯斯琳·查尔斯,中信出版社,2021-10,59.00元
小说,破云,淮上,江苏凤凰文艺出版社,2019-7,49.80元
小说,动物庄园,乔治•奥威尔 (George Orwell),上海三联书店,2009-6-1,16.00元
小说,陆犯焉识,严歌苓,作家出版社,2014-5,38.00元
小说,新手,[美] 雷蒙德·卡佛,南海出版公司,2022-4,68.00元
小说,我们一无所有,[美] 安东尼·马拉,江苏凤凰文艺出版社,2018-2,49.80
小说,第二十二条军规,[美] 约瑟夫·海勒,译林出版社,2019-10,68.00元
小说,白痴,[俄] 陀思妥耶夫斯基,山东文艺出版社,2021-5,85.00元
小说,射雕英雄传,金庸,生活·读书·新知三联书店,1999-04,47.00元
小说,纽约客,白先勇,广西师范大学出版社,2010-10,32.00元
小说,龙与地下铁,马伯庸,湖南文艺出版社,2016-1,CNY 39.80
小说,时间移民,刘慈欣,江苏凤凰文艺出版社,2014-12,32.00
小说,天谴者,法医秦明,江苏凤凰文艺出版社,2018-11,45.00元
小说,猫眼,[加] 玛格丽特·阿特伍德,河南文艺出版社,2022-4-26,88.00元
小说,挪威的森林,[日] 村上春树,上海译文出版社,2007-7,23.00元
小说,白色巨塔,[日] 山崎丰子,青岛出版社,2020-6,169.00元
小说,鼠之夜,[日] 连城三纪彦,新星出版社,2020-6,52.00
小说,大地的年轮,刘维佳 主编,新星出版社,2023-4,58.00元
小说,雪国,[日本] 川端康成,南海出版公司,2013-9-15,CNY 32.00
小说,金阁寺,[日]三岛由纪夫,陕西师范大学出版社,2021-4,59.00元
小说,黑暗中的笑声,[美国] 弗拉基米尔·纳博科夫,上海译文出版社,2006-4,20.00元
小说,余罪：我的刑侦笔记(1-8册),常书欣,海南出版社,2017-2,157元
小说,罪与罚,[俄] 陀思妥耶夫斯基,浙江文艺出版社,2019-2,68.00元
小说,新参者,[日] 东野圭吾,南海出版公司,2016-1,39.50元
小说,舞！舞！舞！,[日]村上春树,上海译文出版社,2018-7,52
小说,且听风吟,[日]村上春树,上海译文出版社,2018-7,28
小说,挪威的森林,[日] 村上春树,上海译文出版社,2001-2,18.80元
小说,变形记,[奥] 卡夫卡,上海译文出版社,2012-3-1,30.00元
小说,一个人的朝圣,[英] 蕾秋·乔伊斯,北京联合出版公司,2013-9-1,32.80
小说,三体全集,刘慈欣,重庆出版社,2012-1-1,168.00元
小说,奇想与微笑,[日]太宰治 著、[日]森见登美彦 编著,湖南文艺出版社,2023-6,56元
小说,活着,余华,北京十月文艺出版社,2017-6-1,35.00元
小说,三体 1,刘慈欣,读客文化,2018-12,12.09元
小说,雪崩,[美] 尼尔·斯蒂芬森,四川科学技术出版社,2018-7,72.00元
小说,传家之物,[加拿大] 艾丽丝·门罗,广西师范大学出版社,2017-10,88.00元
小说,你给我的喜欢,施定柔,浙江文艺出版社,2020-6,98.00元
小说,浮世画家,[英] 石黑一雄,上海译文出版社,2011-5-1,28.00元
小说,饥饿的女儿,虹影,花城出版社,2022-1,54.8
小说,东方快车谋杀案,[英] 阿加莎·克里斯蒂,新星出版社,2017-7,38.00元
